[
  {
    "id": "6062bd68-f46c-4867-bfc7-059df4887ee2",
    "data": [
      {
        "text": "give me the charity of the week",
        "userDefined": false
      }
    ],
    "isTemplate": false,
    "count": 0,
    "updated": 1534440749
  },
  {
    "id": "00307b00-c0b2-412c-96a8-9b5ad067304c",
    "data": [
      {
        "text": "charity of ",
        "userDefined": false
      },
      {
        "text": "the week",
        "alias": "date-period",
        "meta": "@sys.date-period",
        "userDefined": false
      }
    ],
    "isTemplate": false,
    "count": 0,
    "updated": 1534440749
  },
  {
    "id": "a80f9c6c-23d4-4cc6-94b0-110dc4823600",
    "data": [
      {
        "text": "weekly charity",
        "userDefined": false
      }
    ],
    "isTemplate": false,
    "count": 0,
    "updated": 1534440749
  },
  {
    "id": "11b24f6c-dcf6-4a0b-84d6-2f551eef9342",
    "data": [
      {
        "text": "top voted charity ",
        "userDefined": false
      },
      {
        "text": "this week",
        "alias": "date-period",
        "meta": "@sys.date-period",
        "userDefined": false
      }
    ],
    "isTemplate": false,
    "count": 0,
    "updated": 1534440749
  }
]