[
  {
    "id": "fd957d34-5f6d-4350-b17f-95a1039d1534",
    "data": [
      {
        "text": "who am i currently supporting",
        "userDefined": false
      }
    ],
    "isTemplate": false,
    "count": 0,
    "updated": 1534444054
  },
  {
    "id": "549fa69a-9920-4380-a6d8-2b819c68a211",
    "data": [
      {
        "text": "current charity",
        "userDefined": false
      }
    ],
    "isTemplate": false,
    "count": 0,
    "updated": 1534444054
  },
  {
    "id": "f242140d-3413-4cec-ae42-892c1591a785",
    "data": [
      {
        "text": "what is my current charity",
        "userDefined": false
      }
    ],
    "isTemplate": false,
    "count": 0,
    "updated": 1534444054
  }
]