[
  {
    "id": "2b82223b-d5b7-4cf3-810b-26c68b751e3f",
    "data": [
      {
        "text": "donation amount",
        "userDefined": false
      }
    ],
    "isTemplate": false,
    "count": 0,
    "updated": 1534440141
  },
  {
    "id": "51f54aa2-3133-4b31-9b83-745c772abc5c",
    "data": [
      {
        "text": "charity balance",
        "userDefined": false
      }
    ],
    "isTemplate": false,
    "count": 0,
    "updated": 1534440141
  },
  {
    "id": "6bbd11dc-4e5a-427d-ba35-fc8da4fce7dc",
    "data": [
      {
        "text": "how much have i contributed",
        "userDefined": false
      }
    ],
    "isTemplate": false,
    "count": 0,
    "updated": 1534440141
  },
  {
    "id": "1de12975-9385-4a0c-919b-7847f591b5e8",
    "data": [
      {
        "text": "what is my charity balance",
        "userDefined": false
      }
    ],
    "isTemplate": false,
    "count": 0,
    "updated": 1534440141
  }
]