[
  {
    "id": "d8cddd31-5731-41dd-83f9-7f8e4dba81b2",
    "data": [
      {
        "text": "new charity",
        "userDefined": false
      }
    ],
    "isTemplate": false,
    "count": 0,
    "updated": 1534451533
  },
  {
    "id": "56325b42-992d-49c9-bd91-6759cfff7416",
    "data": [
      {
        "text": "give me a new charity",
        "userDefined": false
      }
    ],
    "isTemplate": false,
    "count": 0,
    "updated": 1534451533
  },
  {
    "id": "2c35f9aa-4bac-42b4-a1c8-96664c94f296",
    "data": [
      {
        "text": "suggest charity",
        "userDefined": false
      }
    ],
    "isTemplate": false,
    "count": 0,
    "updated": 1534451533
  },
  {
    "id": "05dfbc9f-972d-4719-818f-4a250622f483",
    "data": [
      {
        "text": "suggest",
        "userDefined": false
      }
    ],
    "isTemplate": false,
    "count": 0,
    "updated": 1534451533
  }
]