[
  {
    "id": "310ec182-3f4f-4d7c-96b8-e4a05654da6e",
    "data": [
      {
        "text": "which charity is getting the most money",
        "userDefined": false
      }
    ],
    "isTemplate": false,
    "count": 0,
    "updated": 1534442960
  },
  {
    "id": "60580150-2b0a-4be9-81c4-d2984c901df6",
    "data": [
      {
        "text": "which charity is being donated to the most",
        "userDefined": false
      }
    ],
    "isTemplate": false,
    "count": 0,
    "updated": 1534442960
  },
  {
    "id": "c34573c7-a3a5-4c82-a3cf-a7c4b8444fa7",
    "data": [
      {
        "text": "what is the most donated charity",
        "userDefined": false
      }
    ],
    "isTemplate": false,
    "count": 0,
    "updated": 1534442960
  },
  {
    "id": "d54e4432-ec72-4676-a310-1cd426454655",
    "data": [
      {
        "text": "give me the top charity",
        "userDefined": false
      }
    ],
    "isTemplate": false,
    "count": 0,
    "updated": 1534442960
  }
]