[
  {
    "id": "dca6d514-3fec-4df2-8128-997235cb757b",
    "data": [
      {
        "text": "Write \"",
        "userDefined": false
      },
      {
        "text": "Dialogflow rules",
        "alias": "databaseEntry",
        "meta": "@sys.any",
        "userDefined": true
      },
      {
        "text": "\" to the database",
        "userDefined": false
      }
    ],
    "isTemplate": false,
    "count": 0,
    "updated": 1528921324
  },
  {
    "id": "53120cc6-2ed4-4bbe-abed-ad72ebe40051",
    "data": [
      {
        "text": "write",
        "userDefined": false
      }
    ],
    "isTemplate": false,
    "count": 1,
    "updated": 1528921324
  },
  {
    "id": "9f97a49b-4733-43f0-ba5e-ff1b6eb96950",
    "data": [
      {
        "text": "Can I write to the Firestore database?",
        "userDefined": false
      }
    ],
    "isTemplate": false,
    "count": 0,
    "updated": 1528921324
  },
  {
    "id": "79587f58-9fe0-4957-ab73-f66e34a83837",
    "data": [
      {
        "text": "I want to write to Firestore",
        "userDefined": false
      }
    ],
    "isTemplate": false,
    "count": 0,
    "updated": 1528921324
  },
  {
    "id": "dd1e40c4-c036-4131-95ca-1f49221111ad",
    "data": [
      {
        "text": "I want to write to the database",
        "userDefined": false
      }
    ],
    "isTemplate": false,
    "count": 0,
    "updated": 1528921324
  },
  {
    "id": "03abacdd-51f9-46ba-85a2-2e36aca136cb",
    "data": [
      {
        "text": "Write ",
        "userDefined": false
      },
      {
        "text": "anything",
        "alias": "databaseEntry",
        "meta": "@sys.any",
        "userDefined": true
      }
    ],
    "isTemplate": false,
    "count": 0,
    "updated": 1528921324
  },
  {
    "id": "d9f8ca19-6ccb-42eb-889e-93dc7febaf5a",
    "data": [
      {
        "text": "Please write this to the database: ",
        "userDefined": false
      },
      {
        "text": "anything",
        "alias": "databaseEntry",
        "meta": "@sys.any",
        "userDefined": true
      }
    ],
    "isTemplate": false,
    "count": 0,
    "updated": 1528921324
  },
  {
    "id": "2e46dc1e-69ad-492a-b2b4-21d05e9e8000",
    "data": [
      {
        "text": "Write ",
        "userDefined": false
      },
      {
        "text": "anything",
        "alias": "databaseEntry",
        "meta": "@sys.any",
        "userDefined": true
      },
      {
        "text": " to the database",
        "userDefined": false
      }
    ],
    "isTemplate": false,
    "count": 0,
    "updated": 1528921324
  }
]